IDStudent,NameStudent,PhoneNumber,Address,IDClass
2151163000,Georas,323 350 9004,2662 Melvin Pass,HT1
2151163001,Mitchael,801 208 7703,30 Kenwood Terrace,HT1
2151163002,Margaret,163 524 1252,0 David Street,HT1
2151163003,Laverne,201 599 4513,96478 Jackson Place,HT1
2151163004,Montague,546 294 7018,67 Monica Point,HT1
2151163005,Hadrian,888 147 6318,76 Bellgrove Parkway,HT1
2151163006,Harald,407 394 5075,3171 Bellgrove Way,HT1
2151163007,Becki,528 578 7009,35 Del Sol Circle,HT1
2151163008,Roxy,434 508 4774,48559 Oakridge Park,HT1
2151163009,Mindy,860 829 6885,0 Service Pass,HT1
2151163010,Casi,571 704 2289,7486 Hayes Way,HT1
2151163011,Carmencita,783 686 6704,5812 Green Hill,HT1
2151163012,Tanney,754 452 5668,812 Grover Point,HT1
2151163013,Cary,833 906 7791,6 Donald Park,HT1
2151163014,Pascale,895 495 7034,71 Graedel Parkway,HT1
2151163015,Wade,132 243 5559,26 Division Court,HT1
2151163016,Diann,835 695 0063,66 Ruskin Junction,HT1
2151163017,Inge,106 206 8824,2663 Morningstar Hill,HT1
2151163018,Mada,134 935 8385,64 Tony Circle,HT1
2151163019,Karyn,833 958 1474,64941 Cambridge Alley,HT1
2151163020,Ralf,658 830 6525,48737 Carey Alley,HT1
2151163021,Selby,450 876 2368,33195 Hazelcrest Plaza,HT1
2151163022,Doy,144 734 4620,26 Meadow Ridge Terrace,HT1
2151163023,Electra,645 395 5969,33502 East Trail,HT1
2151163024,Valentia,360 198 0090,197 Stang Junction,HT1
2151163025,Sidney,169 597 1436,99 Prairieview Hill,HT1
2151163026,Elnora,937 630 4382,57 Debs Way,HT1
2151163027,Florinda,317 526 3760,687 Fallview Way,HT1
2151163028,Elton,400 597 9908,52 Novick Lane,HT1
2151163029,Hermy,599 992 5303,70 Straubel Hill,HT1
2151163030,Jessika,119 839 4093,560 Main Lane,HT1
2151163031,Nanny,635 579 1818,6 Nevada Avenue,HT1
2151163032,Waiter,391 416 0102,9251 1st Trail,HT1
2151163033,Margarethe,676 561 5242,4195 Vermont Center,HT1
2151163034,Reeta,242 106 3609,37483 Northport Junction,HT1
2151163035,Mannie,634 685 9500,5 Holy Cross Junction,HT1
2151163036,Mariellen,761 172 4888,53 Oxford Circle,HT1
2151163037,Laurena,882 895 3411,162 Bellgrove Trail,HT1
2151163038,Serge,534 407 7553,08 Mcguire Crossing,HT1
2151163039,Horton,144 954 8314,91 Randy Park,HT1
2151163040,Griffith,235 844 8620,40475 Portage Center,HT1
2151163041,Baillie,883 425 8420,40 Westport Lane,HT1
2151163042,Margarita,622 241 1680,88878 Myrtle Pass,HT1
2151163043,Jourdan,163 971 2998,2166 Maywood Street,HT1
2151163044,Pippy,143 700 2619,394 Jay Avenue,HT1
2151163045,Morgen,363 842 1278,405 Union Court,HT1
2151163046,Sileas,126 882 3506,34 Toban Trail,HT1
2151163047,Rabi,641 831 0451,149 Judy Parkway,HT1
2151163048,Augustus,416 326 8732,7 Carberry Pass,HT1
2151163049,Sherrie,597 871 1324,817 Swallow Point,HT1
2151163050,Ezri,185 421 2447,37 Maple Junction,HT1
2151163051,Gertrude,570 291 8425,91 Maryland Hill,HT2
2151163052,Kirbie,832 822 1357,80 Grim Plaza,HT2
2151163053,Haven,266 707 6384,885 Fairview Way,HT2
2151163054,Maximilianus,619 245 7199,41117 Hayes Crossing,HT2
2151163055,Brett,962 566 5404,1364 Stoughton Court,HT2
2151163056,Laurianne,547 647 6960,252 Sycamore Point,HT2
2151163057,Vonnie,699 349 2120,066 Corben Lane,HT2
2151163058,Valida,345 829 5349,89855 Sheridan Parkway,HT2
2151163059,Ware,634 434 4259,1 Lotheville Road,HT2
2151163060,Arleta,845 704 6957,0 Dayton Crossing,HT2
2151163061,Lela,716 496 8382,863 Westport Avenue,HT2
2151163062,Agnesse,115 406 9096,77795 Blackbird Trail,HT2
2151163063,Tarrance,536 958 6164,76265 Stoughton Plaza,HT2
2151163064,Ebonee,590 756 4723,8971 Dennis Lane,HT2
2151163065,Jacquelin,964 291 6597,50579 Grover Parkway,HT2
2151163066,Catina,101 465 0018,3 Carpenter Terrace,HT2
2151163067,Shani,381 654 1378,9195 Fuller Court,HT2
2151163068,Nicolas,402 249 4359,5 Kinsman Plaza,HT2
2151163069,My,628 830 6061,154 School Terrace,HT2
2151163070,Robert,512 935 4477,724 Harper Terrace,HT2
2151163071,Frederico,488 732 4948,830 Boyd Park,HT2
2151163072,Gaultiero,706 114 5232,7124 Lake View Lane,HT2
2151163073,Stephan,567 617 0906,64 Hazelcrest Lane,HT2
2151163074,Waylon,729 789 6993,814 Kipling Terrace,HT2
2151163075,Milissent,182 218 1073,120 Moulton Junction,HT2
2151163076,Brigid,348 959 9558,234 Logan Circle,HT2
2151163077,Tiffanie,624 433 8170,3 New Castle Point,HT2
2151163078,Paco,348 297 0326,27 Oak Valley Road,HT2
2151163079,Denni,695 871 6853,5844 Dottie Park,HT2
2151163080,Kimbell,604 577 0965,1 Holmberg Street,HT2
2151163081,Jaye,302 653 7664,8 Garrison Court,HT2
2151163082,Morlee,570 724 6197,682 Macpherson Lane,HT2
2151163083,Issi,331 274 6029,6062 Dawn Point,HT2
2151163084,Annmarie,338 909 4542,0 Dawn Trail,HT2
2151163085,Reynold,136 510 2326,04 Sommers Pass,HT2
2151163086,Louise,743 386 5311,3705 Miller Park,HT2
2151163087,Nerte,676 635 9898,489 Laurel Plaza,HT2
2151163088,Giacinta,829 747 1509,3 Oriole Park,HT2
2151163089,Danna,897 247 9541,6192 Eliot Way,HT2
2151163090,Thorvald,440 770 5496,16 Armistice Park,HT2
2151163091,Gabriel,388 309 6661,8 Arrowood Road,HT2
2151163092,Andrus,881 408 7497,31 Pine View Drive,HT2
2151163093,Liane,336 763 8184,62293 Dovetail Parkway,HT2
2151163094,Germana,287 897 4724,7 Ilene Road,HT2
2151163095,Maiga,651 739 6186,93 Buhler Junction,HT2
2151163096,Lucretia,906 796 8476,570 Vidon Trail,HT2
2151163097,Jereme,260 567 9750,92191 Algoma Crossing,HT2
2151163098,Matt,461 538 7551,1 Carpenter Way,HT2
2151163099,Mohandas,931 162 1073,7 Vermont Junction,HT2
2151163100,Christophe,907 419 2776,246 6th Lane,HT2
2151163101,Nikoletta,330 227 4715,6696 Hoffman Avenue,HT3
2151163102,Moishe,933 924 5348,5 Springview Court,HT3
2151163103,Deina,916 353 9039,39638 Brickson Park Park,HT3
2151163104,Ernaline,380 592 3231,86 Ronald Regan Alley,HT3
2151163105,Leslie,391 771 7493,25910 Corry Place,HT3
2151163106,Jarret,751 726 8674,39 West Pass,HT3
2151163107,Mira,944 680 3593,56207 Bartillon Hill,HT3
2151163108,Rorie,780 355 9009,0 Northridge Hill,HT3
2151163109,Masha,734 528 0726,5 Lyons Pass,HT3
2151163110,Kristofer,319 843 2299,06 Marcy Street,HT3
2151163111,Kyla,951 282 1150,17537 Cambridge Street,HT3
2151163112,Christian,206 807 3674,16 Pleasure Junction,HT3
2151163113,Gabriell,902 983 3665,149 Bunting Alley,HT3
2151163114,Gabriela,747 145 2738,10625 Prairieview Lane,HT3
2151163115,Josie,545 430 7876,6104 Lakewood Trail,HT3
2151163116,Chloette,518 255 4091,74959 Novick Road,HT3
2151163117,Shanna,222 446 0100,730 Elka Street,HT3
2151163118,Linea,236 475 0385,515 Northfield Plaza,HT3
2151163119,Matthus,341 820 2878,10812 Sheridan Drive,HT3
2151163120,Lou,129 567 5862,9197 Debra Circle,HT3
2151163121,Jaime,235 587 8840,33413 Moulton Court,HT3
2151163122,Wait,981 343 9526,981 Miller Terrace,HT3
2151163123,Stearn,836 610 9505,77 Melvin Street,HT3
2151163124,Reynold,337 828 3746,05460 Thierer Parkway,HT3
2151163125,Antin,886 621 9104,80 Lakeland Alley,HT3
2151163126,Talbert,788 263 9871,026 Morning Pass,HT3
2151163127,Booth,624 937 8950,806 Lakewood Gardens Junction,HT3
2151163128,Zaccaria,495 890 7732,2382 Starling Circle,HT3
2151163129,Waylan,891 389 6466,4 Pleasure Lane,HT3
2151163130,Melisent,202 632 5825,6027 Bluestem Pass,HT3
2151163131,Glynn,297 512 2757,0 Melby Lane,HT3
2151163132,Rebecka,768 815 2428,9 Monterey Point,HT3
2151163133,Adey,461 632 9223,173 Everett Point,HT3
2151163134,Ailey,255 676 7713,7480 Talisman Road,HT3
2151163135,Jackqueline,967 297 4384,0 Rieder Street,HT3
2151163136,Rockie,423 337 1903,9447 Main Street,HT3
2151163137,Leone,920 475 0301,2265 Reindahl Road,HT3
2151163138,Bendicty,684 619 8883,82 Cardinal Crossing,HT3
2151163139,Nellie,360 764 3781,8774 Mcguire Street,HT3
2151163140,Lorry,873 429 1338,7745 Delaware Plaza,HT3
2151163141,Maire,174 547 7857,1757 Monica Circle,HT3
2151163142,Giusto,400 340 2844,30273 Northland Junction,HT3
2151163143,Netta,298 540 2884,326 Carey Road,HT3
2151163144,Allis,991 543 3983,669 Morning Lane,HT3
2151163145,Boniface,432 440 5617,3 Clove Crossing,HT3
2151163146,Christiano,136 607 6379,50 Village Place,HT3
2151163147,Marcy,515 333 4991,620 Hanson Junction,HT3
2151163148,Orlan,307 249 6999,846 Sachtjen Drive,HT3
2151163149,Araldo,184 228 8801,29 Chinook Street,HT3
2151163150,Alexandros,328 369 0325,5 Waxwing Center,HT3
2151163151,Abrahan,346 482 3642,488 Melvin Circle,HT4
2151163152,Jedidiah,622 642 5375,43 Rigney Way,HT4
2151163153,Bourke,306 746 7636,0674 Golf View Court,HT4
2151163154,Roobbie,577 985 4807,020 Memorial Pass,HT4
2151163155,Yoshi,471 708 7923,76 Nelson Plaza,HT4
2151163156,Gabriele,535 509 7108,55555 American Ash Drive,HT4
2151163157,Mycah,298 688 6857,3080 Corscot Way,HT4
2151163158,Ulberto,908 690 7860,3 Corry Lane,HT4
2151163159,Sheri,878 974 3151,07161 Erie Drive,HT4
2151163160,Angelia,129 537 7363,9 Buhler Circle,HT4
2151163161,Marrissa,719 338 4004,2 Delladonna Parkway,HT4
2151163162,Manda,595 403 7518,2 Eliot Way,HT4
2151163163,Katina,645 372 4278,1 Rieder Park,HT4
2151163164,Eugene,470 291 4844,116 Elgar Road,HT4
2151163165,Barbi,349 716 9484,35 Maple Wood Place,HT4
2151163166,Tandi,315 123 5608,8620 2nd Place,HT4
2151163167,Honey,429 681 1109,72390 Ronald Regan Lane,HT4
2151163168,Allyn,784 546 4121,352 Hayes Parkway,HT4
2151163169,Rina,862 402 0878,21 Blue Bill Park Trail,HT4
2151163170,Hortensia,935 984 6901,83 Burning Wood Alley,HT4
2151163171,Jeth,170 561 7221,4059 Loeprich Avenue,HT4
2151163172,Viviana,252 169 0977,96525 Kings Way,HT4
2151163173,Netti,488 673 9283,888 Hintze Crossing,HT4
2151163174,Ema,310 820 8979,64 Fair Oaks Avenue,HT4
2151163175,Dom,328 863 5532,18 Center Pass,HT4
2151163176,Thorvald,655 973 5721,0791 Evergreen Point,HT4
2151163177,Denys,213 161 4147,9 Esker Court,HT4
2151163178,Janeen,891 329 0366,770 Hovde Circle,HT4
2151163179,Neill,190 469 4772,8662 3rd Parkway,HT4
2151163180,Lorrin,954 103 6499,85946 Jana Way,HT4
2151163181,Tobi,418 703 0074,25 Ridge Oak Avenue,HT4
2151163182,Hamil,343 990 7158,5491 Arkansas Center,HT4
2151163183,Shannon,747 937 3357,522 Ryan Place,HT4
2151163184,Raymund,158 501 5004,277 Service Lane,HT4
2151163185,Lonnie,631 192 1098,33 Cascade Street,HT4
2151163186,Garwood,207 378 9272,06460 Kings Parkway,HT4
2151163187,Cathee,392 238 7381,09 Bonner Court,HT4
2151163188,Caresse,597 221 6884,36608 Donald Way,HT4
2151163189,Alyse,644 859 1285,90547 Golf Circle,HT4
2151163190,Belicia,526 808 9176,156 Birchwood Pass,HT4
2151163191,Pearle,900 293 9942,62 Spohn Place,HT4
2151163192,Corine,358 405 9491,2706 Maple Wood Crossing,HT4
2151163193,Sandie,791 834 8122,7 Forest Lane,HT4
2151163194,Giorgi,109 243 3215,31486 Springview Parkway,HT4
2151163195,Bengt,337 831 6554,98811 Chive Street,HT4
2151163196,Lorelei,525 736 7503,1007 Artisan Circle,HT4
2151163197,Rayna,649 582 7566,07 Mcbride Hill,HT4
2151163198,Darrel,600 336 6145,6371 School Court,HT4
2151163199,Emmalynn,920 990 1340,8818 Havey Point,HT4
2151163200,Oralia,146 348 2234,766 Menomonie Crossing,HT4
2151163201,Denna,155 289 6721,464 Coleman Trail,HT5
2151163202,Aurelie,375 809 6000,749 Sycamore Alley,HT5
2151163203,Arlette,711 824 3115,3815 Loomis Road,HT5
2151163204,Emelyne,967 557 4286,28 Sheridan Road,HT5
2151163205,Bert,142 688 9133,73 American Way,HT5
2151163206,Andras,596 878 6974,29 Jenna Avenue,HT5
2151163207,Johnna,189 408 5721,85798 Golf View Junction,HT5
2151163208,Ferd,148 710 1123,419 Burning Wood Terrace,HT5
2151163209,Marketa,161 365 4273,97485 Springs Parkway,HT5
2151163210,Ramon,867 152 3204,02800 Anhalt Plaza,HT5
2151163211,Tristan,462 226 6751,9 Laurel Way,HT5
2151163212,Tobiah,626 918 9258,95377 Vidon Terrace,HT5
2151163213,Kippie,823 224 2362,5077 Mendota Court,HT5
2151163214,Lonny,508 687 2460,4966 Summit Hill,HT5
2151163215,Hannie,712 934 0839,7 Roxbury Alley,HT5
2151163216,Cordi,988 160 4881,32963 Sycamore Trail,HT5
2151163217,Horatio,841 155 7202,7132 Di Loreto Junction,HT5
2151163218,Rourke,520 910 6883,729 Prairie Rose Trail,HT5
2151163219,Peyter,580 403 9592,20 Fulton Road,HT5
2151163220,Brendan,990 151 7342,59462 Bay Park,HT5
2151163221,Malcolm,228 915 5656,8076 Hermina Place,HT5
2151163222,Karin,710 536 8847,03 Rusk Pass,HT5
2151163223,Arielle,908 872 3207,6154 Lake View Alley,HT5
2151163224,Durward,889 495 8685,84 Donald Terrace,HT5
2151163225,Barbra,717 340 9899,7 Di Loreto Place,HT5
2151163226,Dionysus,654 878 6256,619 Twin Pines Trail,HT5
2151163227,Lilia,976 548 3887,8543 Elgar Street,HT5
2151163228,Ingrim,208 524 8416,208 Sutteridge Street,HT5
2151163229,Korry,579 331 7701,5 Autumn Leaf Way,HT5
2151163230,Birgitta,990 201 1858,3162 Autumn Leaf Plaza,HT5
2151163231,Hagan,496 132 3456,2434 Rutledge Point,HT5
2151163232,Giff,351 197 5840,66193 Utah Street,HT5
2151163233,Trudie,906 788 3288,3 Rockefeller Lane,HT5
2151163234,Rica,816 148 5606,61 Buhler Alley,HT5
2151163235,Hilton,872 353 4295,02 Banding Circle,HT5
2151163236,Nathalia,572 675 4882,69643 Maywood Drive,HT5
2151163237,Tomaso,922 750 6888,5 Independence Parkway,HT5
2151163238,Ellary,707 504 9508,8 Morningstar Terrace,HT5
2151163239,Pinchas,563 683 8247,0 Green Drive,HT5
2151163240,Josefina,467 245 4839,105 Oakridge Junction,HT5
2151163241,Price,700 638 1473,78 Northfield Terrace,HT5
2151163242,Cris,602 301 7053,80 Oak Valley Point,HT5
2151163243,Briggs,137 939 0992,640 Spohn Alley,HT5
2151163244,Aurora,704 302 3751,27 Kingsford Crossing,HT5
2151163245,Demetrius,706 103 3137,86 Eagle Crest Street,HT5
2151163246,Moyna,248 303 2027,7439 Dunning Junction,HT5
2151163247,Paddie,217 404 8438,7 Miller Avenue,HT5
2151163248,Ophelia,734 873 2076,2692 Twin Pines Place,HT5
2151163249,Curtis,559 211 3535,95775 Bay Lane,HT5
2151163251,Mahalia,879 443 1078,59 Arizona Circle,KT1
2151163252,Palmer,507 582 5330,274 Manitowish Alley,KT1
2151163253,Malia,824 216 4126,7579 Derek Hill,KT1
2151163254,Brady,514 808 3433,9 Iowa Junction,KT1
2151163255,Drugi,987 857 9367,48 Ruskin Crossing,KT1
2151163256,Kirbee,955 903 2596,31 Mayer Place,KT1
2151163257,Hamish,339 744 4466,315 Springview Road,KT1
2151163258,Lorry,109 843 6234,64905 Lawn Way,KT1
2151163259,Melessa,125 147 4037,60 Nancy Point,KT1
2151163260,Loree,599 694 6459,05597 Muir Lane,KT1
2151163261,Robbie,134 777 1542,461 Fair Oaks Avenue,KT1
2151163262,Dwain,687 974 4035,147 Grayhawk Drive,KT1
2151163263,Casar,763 921 1792,4 Reindahl Lane,KT1
2151163264,Lenard,347 465 4984,91876 Dahle Place,KT1
2151163265,Annabelle,575 685 9608,8 Talmadge Circle,KT1
2151163266,Flem,310 456 4687,3 Sachs Court,KT1
2151163267,Raeann,132 593 9940,9848 Pine View Pass,KT1
2151163268,Brynn,697 623 0020,63610 Troy Junction,KT1
2151163269,Morganica,660 246 3006,393 Ronald Regan Parkway,KT1
2151163270,Ambrosio,579 729 9531,257 Meadow Ridge Pass,KT1
2151163271,Margalit,499 300 2429,348 Valley Edge Way,KT1
2151163272,Lauren,451 380 4792,262 Hazelcrest Plaza,KT1
2151163273,Jedediah,964 179 1603,615 Nobel Junction,KT1
2151163274,Sharla,885 827 8883,739 Vahlen Pass,KT1
2151163275,Michell,690 148 6201,260 Porter Pass,KT1
2151163276,Archer,243 620 0258,27 Pond Parkway,KT1
2151163277,Rodd,669 887 5870,476 Buell Crossing,KT1
2151163278,Sydelle,549 802 1764,25 Fairfield Avenue,KT1
2151163279,Susana,897 440 7079,361 Larry Drive,KT1
2151163280,Flor,566 390 9630,0421 Havey Street,KT1
2151163281,Chelsie,578 842 4559,431 Prairie Rose Hill,KT1
2151163282,Avram,835 880 4413,3618 Surrey Place,KT1
2151163283,Romona,743 793 0774,1450 Gale Park,KT1
2151163284,Isaac,848 672 5669,63394 Merchant Terrace,KT1
2151163285,Ethe,751 346 6073,915 Monument Junction,KT1
2151163286,Aymer,270 113 3123,47669 Golf Court,KT1
2151163287,Toddy,571 404 2428,782 Forest Dale Pass,KT1
2151163288,Crawford,225 800 6501,6 Mallard Alley,KT1
2151163289,Danyette,664 304 1068,01331 Truax Center,KT1
2151163290,Lacy,449 415 4886,9203 Summerview Place,KT1
2151163291,Cooper,735 707 2974,409 Ruskin Street,KT1
2151163292,Chryste,377 992 2186,91 Corscot Street,KT1
2151163293,May,781 292 2840,54 Buena Vista Point,KT1
2151163294,Sharline,302 948 8784,2 Hagan Hill,KT1
2151163295,Dolph,143 420 4743,8 Pankratz Avenue,KT1
2151163296,Garth,563 348 6833,6994 Clemons Park,KT1
2151163297,Miguelita,150 628 0210,79075 Kedzie Point,KT1
2151163298,Fania,456 500 4990,2 Village Green Way,KT1
2151163299,Donn,952 801 6730,4845 Dovetail Plaza,KT1
2151163300,Cass,741 974 7939,24548 Monterey Parkway,KT1
2151163301,Brit,221 558 9425,858 Washington Road,KT2
2151163302,Margy,235 750 9641,987 Forest Drive,KT2
2151163303,Leonardo,513 576 4538,31653 Green Court,KT2
2151163304,Milka,979 515 8744,9399 North Lane,KT2
2151163305,Ava,104 354 9617,827 Schiller Hill,KT2
2151163306,Risa,275 351 4557,56 Goodland Crossing,KT2
2151163307,Tami,572 392 1934,42 Brentwood Trail,KT2
2151163308,Gabriel,752 532 3223,0 Gateway Trail,KT2
2151163309,Olva,918 895 8728,6037 Dakota Park,KT2
2151163310,Johann,443 748 5286,9 Bunting Way,KT2
2151163311,Gae,779 540 6920,38108 Carberry Way,KT2
2151163312,Sollie,784 407 3924,7937 Hoffman Street,KT2
2151163313,Jacklyn,653 329 6508,451 Green Lane,KT2
2151163314,Zulema,158 383 4892,298 Namekagon Park,KT2
2151163315,Freddy,911 336 4266,602 Bultman Junction,KT2
2151163316,Andonis,513 770 8675,15 Schlimgen Terrace,KT2
2151163317,Alano,402 311 8022,74278 Westend Avenue,KT2
2151163318,Galvan,548 877 5694,9 Grasskamp Park,KT2
2151163319,Leelah,525 504 3233,59304 Texas Center,KT2
2151163320,Jules,291 831 3084,487 Hoepker Terrace,KT2
2151163321,Katusha,620 284 5929,3 Scott Way,KT2
2151163322,Marga,489 255 0401,37790 Green Ridge Junction,KT2
2151163323,Oliviero,635 796 5822,7199 Ludington Court,KT2
2151163324,Ardath,498 421 9274,158 Coleman Trail,KT2
2151163325,Jean,779 557 3003,65986 Harbort Court,KT2
2151163326,Shela,551 329 3106,541 High Crossing Pass,KT2
2151163327,Mathilde,459 848 5992,8922 Bobwhite Park,KT2
2151163328,Idalina,703 110 0915,274 Claremont Way,KT2
2151163329,Dixie,814 169 7949,8597 Vermont Point,KT2
2151163330,Germayne,850 602 1032,9 Katie Way,KT2
2151163331,Lyndy,855 359 0080,32126 John Wall Park,KT2
2151163332,Carter,224 939 3695,04 Evergreen Hill,KT2
2151163333,Cloe,352 836 7731,107 Hudson Crossing,KT2
2151163334,Wilmer,773 919 8256,15742 Nelson Junction,KT2
2151163335,Kathryne,716 312 8962,84102 Welch Center,KT2
2151163336,Taylor,173 591 4231,0917 Northridge Circle,KT2
2151163337,Neddie,957 108 9190,7 Fordem Road,KT2
2151163338,Giordano,172 822 1703,91638 Summit Place,KT2
2151163339,Blinnie,575 226 6351,052 Grasskamp Point,KT2
2151163340,Kitty,916 889 2691,7 Rockefeller Junction,KT2
2151163341,Sheri,749 513 4121,124 Sherman Place,KT2
2151163342,Caesar,762 379 8194,87189 Thompson Hill,KT2
2151163343,Morse,715 190 3208,96834 School Way,KT2
2151163344,Noel,844 340 7705,56 Rusk Pass,KT2
2151163345,Hannis,370 519 6617,630 Judy Street,KT2
2151163346,Cleopatra,203 652 2980,75 Pleasure Court,KT2
2151163347,Joana,194 669 5145,294 Gerald Trail,KT2
2151163348,Patric,442 744 7147,9432 Waywood Lane,KT2
2151163349,Hamnet,482 913 9543,8312 Sullivan Court,KT2
2151163350,Irving,680 967 6164,35 Kings Terrace,KT2
2151163351,Bent,733 267 1691,8659 Vahlen Drive,KT3
2151163352,Ira,665 858 1990,4 Cambridge Park,KT3
2151163353,Court,764 496 4431,3621 Calypso Way,KT3
2151163354,Jsandye,422 946 4052,8674 Springview Circle,KT3
2151163355,Svend,169 822 1267,5 Merry Court,KT3
2151163356,Carolyne,803 785 0447,89592 Butterfield Circle,KT3
2151163357,Nathalie,754 536 7455,22174 Bay Hill,KT3
2151163358,Pet,477 992 8840,82172 Independence Avenue,KT3
2151163359,Brett,420 781 8822,41892 Red Cloud Pass,KT3
2151163360,Dilly,642 256 4214,406 Graceland Plaza,KT3
2151163361,Hamnet,624 360 9140,020 Reindahl Terrace,KT3
2151163362,Parnell,913 331 6227,296 Knutson Circle,KT3
2151163363,Blythe,203 727 7107,64 Heath Terrace,KT3
2151163364,Gabriella,812 613 5561,4 Talisman Trail,KT3
2151163365,Isa,615 429 0921,2 Park Meadow Terrace,KT3
2151163366,Arlena,636 844 7282,39598 Blue Bill Park Road,KT3
2151163367,Abigail,235 214 3712,8 7th Parkway,KT3
2151163368,Kerry,361 663 8495,385 Lotheville Street,KT3
2151163369,Andree,663 731 5356,5212 Menomonie Alley,KT3
2151163370,Jorrie,429 414 5453,614 Hanover Park,KT3
2151163371,Ofelia,873 782 6706,72138 Hazelcrest Lane,KT3
2151163372,Eunice,186 469 5394,0778 Oxford Drive,KT3
2151163373,Aridatha,314 287 1463,4 Surrey Point,KT3
2151163374,Wolfgang,546 998 1279,556 Amoth Way,KT3
2151163375,Valli,682 438 4322,53 Vidon Avenue,KT3
2151163376,Marty,855 428 0711,1 Stone Corner Plaza,KT3
2151163377,Lily,975 877 1203,76 Brentwood Hill,KT3
2151163378,Tony,470 411 4183,7 Pond Circle,KT3
2151163379,Erwin,727 850 9604,79471 Melody Avenue,KT3
2151163380,Reina,645 256 4940,90 Delladonna Center,KT3
2151163381,Marietta,772 966 3163,6267 Vidon Point,KT3
2151163382,Candice,245 797 2933,5 Debra Pass,KT3
2151163383,Gabriel,980 398 6337,0 Starling Terrace,KT3
2151163384,Cody,481 469 0561,864 Oak Valley Street,KT3
2151163385,Averil,303 728 2060,0 Bay Park,KT3
2151163386,Myriam,976 364 9191,1756 Bunting Pass,KT3
2151163387,Gerrie,444 246 4893,7 Pennsylvania Trail,KT3
2151163388,Aland,472 843 1371,25 Atwood Plaza,KT3
2151163389,Basilius,581 962 5552,39529 Dwight Alley,KT3
2151163390,Virgie,487 968 2485,645 Golden Leaf Center,KT3
2151163391,Erhard,572 520 4777,37 Portage Hill,KT3
2151163392,Guillaume,733 866 6571,9 Waubesa Street,KT3
2151163393,Krystalle,841 213 4350,39414 Di Loreto Trail,KT3
2151163394,Florette,264 814 3170,84 Meadow Valley Street,KT3
2151163395,Batsheva,254 770 1581,7273 Lake View Park,KT3
2151163396,Rustie,463 499 8231,29269 Harbort Place,KT3
2151163397,Loni,914 692 9915,121 Monica Terrace,KT3
2151163398,Zia,361 623 7736,0268 Miller Parkway,KT3
2151163399,Johnna,824 730 1691,1 Dunning Court,KT3
2151163400,Allsun,919 473 6590,9 Mariners Cove Parkway,KT3
2151163401,Anabella,704 499 0101,15540 Reinke Street,KT4
2151163402,Raymund,750 217 1307,4 Eastlawn Park,KT4
2151163403,Jeremie,185 687 0941,67592 Oak Circle,KT4
2151163404,Kaela,258 164 1652,4247 Leroy Crossing,KT4
2151163405,Ettie,449 658 9341,9577 Coolidge Junction,KT4
2151163406,Terencio,864 113 4625,29003 Prairie Rose Hill,KT4
2151163407,Marlee,540 835 0254,0 Old Gate Center,KT4
2151163408,Hilliard,535 809 7052,5906 Springs Crossing,KT4
2151163409,Toiboid,458 564 8582,0 Bellgrove Center,KT4
2151163410,Hestia,967 928 0664,5791 American Ash Terrace,KT4
2151163411,Rodina,383 309 4370,775 Vermont Terrace,KT4
2151163412,Gaby,365 246 5276,3 Eagle Crest Lane,KT4
2151163413,Alonso,537 727 0039,2978 Westridge Point,KT4
2151163414,Rosalynd,949 569 5704,9 Fallview Street,KT4
2151163415,Concordia,749 835 3314,58898 Crescent Oaks Plaza,KT4
2151163416,Magdalene,880 185 6325,93 Jenna Center,KT4
2151163417,Val,646 879 2320,9 Karstens Lane,KT4
2151163418,Dukie,321 412 7967,785 Dunning Trail,KT4
2151163419,Quint,345 133 3626,0 Pankratz Place,KT4
2151163420,Cherin,252 970 1876,739 Hansons Trail,KT4
2151163421,Emelyne,663 210 4586,70860 Schurz Alley,KT4
2151163422,Joscelin,307 874 7356,2799 Dorton Alley,KT4
2151163423,Sam,581 399 7081,97 Rowland Alley,KT4
2151163424,Karilynn,222 208 9558,9 Anniversary Crossing,KT4
2151163425,Berty,785 480 6197,371 Sutteridge Junction,KT4
2151163426,Jareb,317 126 5488,548 Manley Way,KT4
2151163427,Heather,945 951 6198,847 Bashford Point,KT4
2151163428,Dion,658 971 0222,32388 Pond Plaza,KT4
2151163429,Celestina,481 988 0989,24976 Bobwhite Hill,KT4
2151163430,Hamid,651 106 5801,6 Lakewood Court,KT4
2151163431,Herculie,215 314 8145,5997 Mockingbird Avenue,KT4
2151163432,Maurizia,143 782 0508,33572 Loftsgordon Center,KT4
2151163433,Viv,257 587 4113,1 Sutherland Point,KT4
2151163434,Jerrylee,654 456 7166,4 Esker Center,KT4
2151163435,Tate,400 296 1344,6423 Sugar Way,KT4
2151163436,Honoria,453 431 8639,161 Butterfield Point,KT4
2151163437,Beitris,937 789 9621,62 Florence Lane,KT4
2151163438,Lisha,347 101 7671,7 School Court,KT4
2151163439,Lishe,647 422 1832,4 Burrows Street,KT4
2151163440,Sollie,641 522 6861,3875 Morning Center,KT4
2151163441,Natasha,427 486 3315,8 Birchwood Circle,KT4
2151163442,Zaccaria,969 503 1149,88 Center Park,KT4
2151163443,Juana,996 284 8451,25 Stephen Way,KT4
2151163444,Shari,226 278 5476,51 Sunnyside Street,KT4
2151163445,Olympe,579 945 0492,764 Bayside Place,KT4
2151163446,Ema,198 989 2443,832 Vermont Hill,KT4
2151163447,Allayne,762 804 9940,084 Marquette Court,KT4
2151163448,Estelle,343 862 5253,1479 Summit Circle,KT4
2151163449,Percy,363 866 9020,56 Eagle Crest Hill,KT4
2151163450,Revkah,739 797 2443,3760 Hintze Road,KT4
2151163451,Cherilyn,485 433 9910,47 Bultman Pass,KT5
2151163452,Tova,962 494 3708,11 Sunfield Alley,KT5
2151163453,Magda,589 635 6890,563 Continental Circle,KT5
2151163454,Carolee,317 555 6526,4 Eagan Place,KT5
2151163455,Doyle,241 146 8250,8057 Division Place,KT5
2151163456,Charyl,918 158 9679,6496 Gulseth Road,KT5
2151163457,Stan,507 268 0840,20647 Emmet Junction,KT5
2151163458,Clerissa,475 677 4906,2 Northfield Circle,KT5
2151163459,Sigmund,727 870 7219,572 Hermina Park,KT5
2151163460,Stern,952 429 7152,139 Raven Lane,KT5
2151163461,Valma,651 700 8793,543 Gerald Road,KT5
2151163462,Eveleen,429 515 9658,872 Morning Trail,KT5
2151163463,Christalle,921 287 0621,6494 Colorado Place,KT5
2151163464,Halley,594 339 4959,8147 Dunning Crossing,KT5
2151163465,Winfred,737 717 2783,0243 Dennis Center,KT5
2151163466,Corrie,522 538 6638,00095 Hagan Avenue,KT5
2151163467,Susette,977 449 2455,21805 Debra Trail,KT5
2151163468,Ilse,835 258 4767,3974 Fordem Hill,KT5
2151163469,Suzanne,593 559 2942,971 Mockingbird Crossing,KT5
2151163470,Glen,835 764 7287,50 Judy Parkway,KT5
2151163471,Kit,978 310 7623,9 Kingsford Point,KT5
2151163472,Kirstin,245 902 2234,5 West Terrace,KT5
2151163473,Gavrielle,547 770 1772,4302 Prairie Rose Lane,KT5
2151163474,Shayla,766 691 4145,95 Dapin Park,KT5
2151163475,Suki,458 233 5281,730 Loeprich Plaza,KT5
2151163476,Sebastiano,956 652 9645,92 Hoard Point,KT5
2151163477,Rhonda,739 764 5455,38579 Stuart Street,KT5
2151163478,Effie,749 362 8280,8261 Dwight Junction,KT5
2151163479,Aryn,452 460 3345,73 Oakridge Junction,KT5
2151163480,Angeline,597 533 7338,63 Vera Alley,KT5
2151163481,Klemens,390 366 2939,3 Westerfield Circle,KT5
2151163482,Hilario,642 425 1029,1 Carioca Center,KT5
2151163483,Linda,473 587 2472,22 West Terrace,KT5
2151163484,Caritta,835 410 3780,19607 Twin Pines Plaza,KT5
2151163485,Susie,528 676 8653,57 Truax Place,KT5
2151163486,Alissa,177 341 7007,4488 Annamark Hill,KT5
2151163487,Hazel,811 584 2878,4 Merry Parkway,KT5
2151163488,Talyah,633 829 4306,5758 Birchwood Terrace,KT5
2151163489,Gregoor,414 678 9348,256 Evergreen Point,KT5
2151163490,Ber,747 775 9937,5435 Little Fleur Avenue,KT5
2151163491,Hildegaard,647 832 5070,5 Emmet Court,KT5
2151163492,Bret,482 102 1025,53 Hanover Crossing,KT5
2151163493,Lavena,219 583 3953,5 Brickson Park Terrace,KT5
2151163494,Giuditta,861 597 4809,3712 Loeprich Way,KT5
2151163495,Maynord,630 279 0101,1392 Heath Court,KT5
2151163496,Mattie,565 801 7327,0 Gateway Terrace,KT5
2151163497,Alaric,529 877 9916,62 Leroy Point,KT5
2151163498,Antoine,963 146 9945,9 Larry Plaza,KT5
2151163499,Andreana,331 209 5709,1 Springview Junction,KT5
2151163500,Sallyann,498 719 5331,01 Loeprich Avenue,KT5
2151163501,Lucias,799 574 6369,59726 Mayfield Park,CK1
2151163502,Giacopo,277 549 6362,922 Ryan Hill,CK1
2151163503,Theresina,971 143 0783,7972 Hoffman Road,CK1
2151163504,Gayle,995 409 1684,8 Melody Way,CK1
2151163505,Maurie,384 233 1528,483 Cambridge Lane,CK1
2151163506,Pearline,947 673 8342,57 Park Meadow Park,CK1
2151163507,Ashien,107 815 1613,62 Westerfield Avenue,CK1
2151163508,Forrester,637 846 9693,6 Chinook Plaza,CK1
2151163509,Noak,483 588 6440,3276 Butternut Way,CK1
2151163510,Jen,428 489 5632,91750 Morningstar Lane,CK1
2151163511,Meris,910 801 6727,9926 Di Loreto Pass,CK1
2151163512,Ban,875 351 7233,8 Bellgrove Parkway,CK1
2151163513,Wally,436 366 3566,7 West Parkway,CK1
2151163514,Brittney,800 380 8004,92189 Artisan Place,CK1
2151163515,Dedie,209 775 9497,07 Clarendon Hill,CK1
2151163516,Willabella,465 632 7696,2358 Surrey Place,CK1
2151163517,Vernen,868 250 6835,00 Karstens Pass,CK1
2151163518,Freda,970 820 9964,30441 Armistice Way,CK1
2151163519,Adolph,244 479 4987,389 Dapin Avenue,CK1
2151163520,Suellen,980 398 1639,224 Dwight Point,CK1
2151163521,Codee,288 575 0218,260 Mallard Place,CK1
2151163522,Andromache,969 991 2692,671 Roxbury Way,CK1
2151163523,Odille,855 402 1335,8135 Maryland Center,CK1
2151163524,Melvyn,952 253 3492,22 Hanson Alley,CK1
2151163525,Hulda,286 642 2562,18 Drewry Point,CK1
2151163526,Noelyn,331 779 5663,73 Marcy Plaza,CK1
2151163527,Zea,317 969 7206,78 Lakewood Gardens Parkway,CK1
2151163528,Rhett,949 996 2129,136 Rigney Center,CK1
2151163529,Tremain,637 962 3729,85932 Golden Leaf Road,CK1
2151163530,Marieann,658 690 3954,4713 Pawling Crossing,CK1
2151163531,Ardenia,587 179 7704,5714 Rieder Terrace,CK1
2151163532,Gail,568 217 0834,81731 Monica Terrace,CK1
2151163533,Jorry,369 515 0277,49 Anhalt Alley,CK1
2151163534,Briny,968 951 2325,710 Lighthouse Bay Avenue,CK1
2151163535,Elfrieda,451 285 4585,82303 Commercial Crossing,CK1
2151163536,Tamqrah,261 792 7121,0934 Springview Road,CK1
2151163537,Mariam,754 222 8173,265 Lakewood Way,CK1
2151163538,Arda,501 695 5037,43 Pepper Wood Crossing,CK1
2151163539,Baron,521 420 8903,89 Grim Parkway,CK1
2151163540,Wenda,951 628 2383,1200 Spaight Center,CK1
2151163541,Agathe,865 407 8322,555 Autumn Leaf Terrace,CK1
2151163542,Elsie,432 463 6862,80 Glacier Hill Lane,CK1
2151163543,Letty,808 232 0271,58 Carpenter Way,CK1
2151163544,Pembroke,869 997 5251,0700 Lake View Point,CK1
2151163545,Abie,903 618 4577,19 Meadow Vale Parkway,CK1
2151163546,Helli,992 740 4206,064 Sunnyside Street,CK1
2151163547,Alexei,330 776 0303,6040 Northridge Way,CK1
2151163548,Sabra,223 540 1043,23248 Talisman Street,CK1
2151163549,Avril,361 552 2810,43395 Bashford Place,CK1
2151163550,Rudd,267 375 8864,994 Bellgrove Plaza,CK1
2151163551,Joey,536 931 8564,634 Clyde Gallagher Point,CK2
2151163552,Adair,601 875 8045,47660 Fallview Street,CK2
2151163553,Corty,614 454 8197,703 Grover Terrace,CK2
2151163554,Mikel,940 700 0036,8 Monica Drive,CK2
2151163555,Laurent,966 269 8706,54 Artisan Trail,CK2
2151163556,Lilah,555 196 7300,058 Raven Junction,CK2
2151163557,Kiley,801 423 5874,235 Wayridge Junction,CK2
2151163558,Bobinette,398 917 3000,474 Grasskamp Parkway,CK2
2151163559,Vivianna,625 208 7716,95883 Valley Edge Junction,CK2
2151163560,Audi,927 638 5721,893 Summer Ridge Road,CK2
2151163561,Caldwell,570 260 5797,07 Troy Terrace,CK2
2151163562,Zak,528 274 5066,251 Boyd Center,CK2
2151163563,Rockwell,727 259 5985,2 Shopko Place,CK2
2151163564,Bart,378 391 1355,980 Lawn Point,CK2
2151163565,Flem,180 733 0581,82 Katie Way,CK2
2151163566,Tracy,527 567 5446,7 Macpherson Parkway,CK2
2151163567,Lib,386 969 0968,550 Fairview Hill,CK2
2151163568,Tremayne,581 823 7596,304 Hoard Park,CK2
2151163569,Mehetabel,323 194 3631,2897 Vahlen Park,CK2
2151163570,Alexis,119 643 5311,8428 Del Mar Circle,CK2
2151163571,Tybie,815 181 1353,69558 Morning Street,CK2
2151163572,Roley,667 447 2035,77 David Road,CK2
2151163573,Jacklyn,432 862 7672,00 Stephen Place,CK2
2151163574,Jemmie,480 630 8264,5 Dottie Avenue,CK2
2151163575,Darn,897 370 7956,946 Daystar Center,CK2
2151163576,Jannel,813 968 1349,2649 Lake View Junction,CK2
2151163577,Ginevra,790 315 9789,58 Hanover Parkway,CK2
2151163578,Glennie,540 756 2949,26548 Service Pass,CK2
2151163579,Lutero,922 568 0894,77 Russell Circle,CK2
2151163580,Northrop,403 518 1594,45 Corscot Street,CK2
2151163581,Carling,472 602 6891,1581 Scofield Point,CK2
2151163582,Gale,931 983 6627,3927 Londonderry Avenue,CK2
2151163583,Darb,530 529 6108,6 Ridgeview Drive,CK2
2151163584,Norine,407 908 7456,64 Debra Hill,CK2
2151163585,Elayne,489 436 7239,716 Dixon Hill,CK2
2151163586,Brandi,946 559 7453,31989 Messerschmidt Crossing,CK2
2151163587,Caterina,582 723 1700,82 Anhalt Circle,CK2
2151163588,Joy,612 755 2151,50221 Scoville Point,CK2
2151163589,Austine,309 183 1853,29 Garrison Way,CK2
2151163590,Franciska,564 481 7506,6602 Prentice Way,CK2
2151163591,Alverta,376 755 5945,4428 Pearson Junction,CK2
2151163592,Cordell,183 287 1066,78 Emmet Way,CK2
2151163593,Nikaniki,355 462 2684,0 Monica Way,CK2
2151163594,Annemarie,467 632 3077,62 Rigney Crossing,CK2
2151163595,Abey,751 474 6209,356 Butternut Lane,CK2
2151163596,Shirl,222 871 1069,36865 Ridgeview Junction,CK2
2151163597,Hermann,967 874 4275,68 Towne Center,CK2
2151163598,Webb,608 944 2971,5 Esker Place,CK2
2151163599,Elfrieda,415 862 4795,1378 Goodland Plaza,CK2
2151163600,Tull,995 670 9369,3 John Wall Lane,CK2
2151163601,Gillan,692 921 4237,677 School Drive,CK3
2151163602,Gil,358 118 5696,53 Fairview Park,CK3
2151163603,Orson,488 163 5361,9551 Del Mar Point,CK3
2151163604,Archibold,978 437 1499,3272 Pawling Alley,CK3
2151163605,Lowrance,187 933 7684,68385 Memorial Plaza,CK3
2151163606,Carolyne,671 402 6335,7 Farragut Road,CK3
2151163607,Slade,467 335 1610,128 Lotheville Parkway,CK3
2151163608,Berni,822 400 8052,7111 Moose Pass,CK3
2151163609,Janice,599 930 0938,0140 Dennis Junction,CK3
2151163610,Concordia,287 416 8031,26 Havey Court,CK3
2151163611,Elsworth,977 430 4102,380 Dakota Alley,CK3
2151163612,Jillana,431 129 7072,61 Helena Center,CK3
2151163613,Jean,428 958 7561,15 Amoth Court,CK3
2151163614,Robers,835 761 4469,3383 Lindbergh Way,CK3
2151163615,Danell,499 594 6046,18 Brentwood Plaza,CK3
2151163616,Shandeigh,483 174 2779,2 Farwell Park,CK3
2151163617,Ardith,423 279 9276,900 Randy Circle,CK3
2151163618,Wilow,179 525 0174,7188 Eagan Road,CK3
2151163619,Layney,163 219 3412,637 Oakridge Plaza,CK3
2151163620,Jordan,424 490 9725,51711 Vernon Hill,CK3
2151163621,Simonette,352 891 4922,302 Darwin Terrace,CK3
2151163622,Tedi,118 610 0799,9213 Carberry Point,CK3
2151163623,Stafani,207 642 5489,5131 Holmberg Pass,CK3
2151163624,Leticia,371 940 6779,18 Lotheville Point,CK3
2151163625,Kass,806 342 4954,1 Memorial Terrace,CK3
2151163626,Lenna,892 494 7673,3479 Prairieview Way,CK3
2151163627,Sam,893 829 7048,07 Swallow Parkway,CK3
2151163628,Jeralee,684 780 0073,31959 Dorton Avenue,CK3
2151163629,Luisa,373 968 4207,4246 Burning Wood Plaza,CK3
2151163630,Deane,139 527 0658,90 Debra Circle,CK3
2151163631,Buffy,409 295 1931,4948 Pawling Alley,CK3
2151163632,Fay,329 153 3873,2880 Washington Pass,CK3
2151163633,Sylvan,535 478 4430,8498 Sage Center,CK3
2151163634,Jemmy,172 152 6242,2 Del Mar Avenue,CK3
2151163635,Jolee,604 893 8048,79 Continental Way,CK3
2151163636,Hattie,197 409 7663,98894 Transport Crossing,CK3
2151163637,Sasha,180 149 2146,4975 Kedzie Hill,CK3
2151163638,Jethro,194 120 4030,960 Kingsford Center,CK3
2151163639,Jesse,647 305 2995,4 Trailsway Alley,CK3
2151163640,Dew,166 240 0470,3943 Commercial Lane,CK3
2151163641,Rik,165 751 2748,070 Crest Line Pass,CK3
2151163642,Dix,109 585 8598,4737 Harbort Way,CK3
2151163643,Kenny,766 234 8446,96816 Mcguire Junction,CK3
2151163644,Marchall,449 263 4479,80318 Bobwhite Center,CK3
2151163645,Harald,101 699 0624,7 Fairview Drive,CK3
2151163646,Maryann,566 906 6859,84547 Kipling Avenue,CK3
2151163647,Bobbi,261 727 1599,3324 Canary Court,CK3
2151163648,Fredrick,344 584 5314,7717 2nd Plaza,CK3
2151163649,Alaric,494 193 6074,6 Declaration Trail,CK3
2151163650,Shelba,152 420 8421,039 Sutherland Drive,CK3
2151163651,Alice,928 623 4815,89927 Stuart Pass,CK4
2151163652,Darline,966 998 2264,994 Delaware Circle,CK4
2151163653,Brien,531 966 7528,4 Manufacturers Parkway,CK4
2151163654,Kelbee,130 648 6220,19 Sheridan Hill,CK4
2151163655,Marcel,463 195 9540,33 Nobel Court,CK4
2151163656,Reggie,539 258 2655,396 8th Drive,CK4
2151163657,Scottie,661 229 5442,82161 Crescent Oaks Way,CK4
2151163658,Preston,818 372 0844,06 Pine View Way,CK4
2151163659,Berne,179 588 1874,60133 Merchant Park,CK4
2151163660,Rosabel,617 888 8040,4 Basil Center,CK4
2151163661,Ursula,104 947 4507,61 Boyd Pass,CK4
2151163662,Ewan,168 374 2010,075 Lunder Center,CK4
2151163663,Quincey,758 244 3175,53491 Autumn Leaf Center,CK4
2151163664,Melinde,310 117 7111,851 Hansons Circle,CK4
2151163665,Garv,853 850 8701,9 Spohn Park,CK4
2151163666,Melisa,352 778 3777,502 Eagan Alley,CK4
2151163667,Zaneta,894 673 0155,36100 Ilene Street,CK4
2151163668,Horatio,399 124 6371,35 Derek Avenue,CK4
2151163669,Lefty,134 656 6081,61289 Vidon Junction,CK4
2151163670,Dara,957 196 6434,54 Banding Place,CK4
2151163671,Ainslee,945 542 5055,6121 Tony Plaza,CK4
2151163672,Wanids,351 964 4554,292 Elgar Lane,CK4
2151163673,Lauritz,519 991 8911,73 6th Trail,CK4
2151163674,Perceval,216 840 8682,2 Lindbergh Trail,CK4
2151163675,Herbert,573 438 2497,4044 Cascade Hill,CK4
2151163676,Salomo,277 687 8081,57 Mccormick Place,CK4
2151163677,Garrott,932 235 8764,765 Cottonwood Point,CK4
2151163678,Lenee,717 670 8427,7 Tony Road,CK4
2151163679,Staford,201 120 1568,4 Alpine Park,CK4
2151163680,Romonda,304 869 8347,02 Eliot Avenue,CK4
2151163681,Riley,903 161 9720,6390 Kings Way,CK4
2151163682,Roselia,147 424 9267,1 Buell Junction,CK4
2151163683,Roxanna,962 460 4088,46882 Porter Alley,CK4
2151163684,Cassie,901 679 9453,973 Karstens Parkway,CK4
2151163685,Amalie,281 355 3825,681 Miller Crossing,CK4
2151163686,Georg,548 915 6193,7 Pawling Drive,CK4
2151163687,Alyssa,185 266 9236,40639 Becker Drive,CK4
2151163688,Maynard,547 917 3843,85 Warbler Drive,CK4
2151163689,Jemimah,659 464 7718,07 Johnson Circle,CK4
2151163690,Theo,751 812 8442,5 Namekagon Pass,CK4
2151163691,Dare,497 447 4916,6751 Dixon Lane,CK4
2151163692,Lawrence,208 518 9054,6415 Starling Alley,CK4
2151163693,Anastasie,797 792 2101,72 2nd Terrace,CK4
2151163694,Mariel,852 433 3318,821 Dexter Court,CK4
2151163695,Arliene,634 424 8173,2 Kensington Place,CK4
2151163696,Kurtis,547 290 8622,5 Ryan Street,CK4
2151163697,Jenda,103 665 1271,88 Florence Trail,CK4
2151163698,Danna,333 381 7690,3431 Comanche Circle,CK4
2151163699,Ilyse,796 437 8957,948 Mariners Cove Avenue,CK4
2151163700,Claudette,414 880 8241,16488 Brickson Park Trail,CK4
2151163701,Jaime,525 716 9527,82337 Kedzie Crossing,CK5
2151163702,Kathe,508 863 2510,547 Goodland Way,CK5
2151163703,Goran,308 225 2602,0799 Meadow Valley Terrace,CK5
2151163704,Whitman,792 976 5596,9161 Melrose Plaza,CK5
2151163705,Currey,320 920 9190,17642 Golf View Way,CK5
2151163706,Mathew,439 370 9287,7160 Doe Crossing Road,CK5
2151163707,Kriste,516 920 3649,5 Jay Way,CK5
2151163708,Crosby,121 356 8288,3632 Manley Crossing,CK5
2151163709,Lulita,711 450 8169,290 Summer Ridge Plaza,CK5
2151163710,Vaughn,691 696 2361,1 Mitchell Road,CK5
2151163711,Steve,670 944 3204,376 Fulton Trail,CK5
2151163712,Devlen,624 831 3366,02012 Kipling Court,CK5
2151163713,Minette,862 901 4928,53731 Sutteridge Point,CK5
2151163714,Karney,589 712 8555,2644 Grasskamp Road,CK5
2151163715,Trey,450 339 6477,3 Bashford Circle,CK5
2151163716,Golda,993 248 1333,319 East Drive,CK5
2151163717,Emmalee,799 155 3547,1 Packers Avenue,CK5
2151163718,Garner,379 879 0114,8 Anzinger Alley,CK5
2151163719,Stacy,491 478 9352,05 Sachs Road,CK5
2151163720,Cello,913 806 6774,7 Manitowish Lane,CK5
2151163721,Aindrea,552 306 1877,54882 School Court,CK5
2151163722,Kellen,818 843 6405,8 Almo Parkway,CK5
2151163723,Grace,256 676 0678,1995 Del Mar Way,CK5
2151163724,Abbe,295 900 3094,7985 Morrow Road,CK5
2151163725,Tansy,961 373 9148,9 La Follette Alley,CK5
2151163726,Conney,280 789 6962,56 Redwing Point,CK5
2151163727,Meagan,178 398 6519,6 Old Gate Center,CK5
2151163728,Liana,310 269 1523,41311 Fremont Alley,CK5
2151163729,Denyse,542 999 0330,4 Stephen Pass,CK5
2151163730,Jilleen,703 889 9016,75689 Gina Crossing,CK5
2151163731,Wilburt,967 254 9537,661 Eagan Place,CK5
2151163732,Arie,637 562 1513,3 Mallory Pass,CK5
2151163733,Kristan,663 797 3102,167 Anderson Pass,CK5
2151163734,Kath,624 173 5007,55862 Artisan Road,CK5
2151163735,Eleni,573 131 3044,1 Mallard Circle,CK5
2151163736,Nikolaos,195 348 5826,32140 Rutledge Park,CK5
2151163737,Mario,686 131 3666,1475 Messerschmidt Point,CK5
2151163738,Mendy,944 230 3877,32035 Badeau Terrace,CK5
2151163739,Uriah,910 654 0140,6683 Milwaukee Hill,CK5
2151163740,Vania,530 404 6361,2 Maple Wood Junction,CK5
2151163741,Kipper,491 729 6885,8777 Kedzie Hill,CK5
2151163742,Rossie,637 872 0016,5927 Barnett Crossing,CK5
2151163743,Anna-maria,349 173 3203,28 Kensington Lane,CK5
2151163744,Emmey,642 540 5958,0216 Golden Leaf Parkway,CK5
2151163745,Montgomery,848 663 1725,7 Blackbird Street,CK5
2151163746,Rusty,898 840 1156,8830 Clemons Hill,CK5
2151163747,Kristopher,545 219 1934,4360 Talisman Road,CK5
2151163748,Bren,500 251 6635,18880 Hoard Trail,CK5
2151163749,Gustie,718 331 8214,0156 Briar Crest Avenue,CK5
2151163750,Carry,999 163 7560,44 Utah Circle,CK5